order_id,customer_id,product_id,order_date,quantity,currency,order_total
O00001,C0021,P002,2025-01-17,3,EUR,236.25
O00002,C0008,P004,2025-03-17,1,INR,262.50
O00003,C0022,P009,2025-02-18,4,USD,"1,050.00"
O00004,C0002,P001,2025-02-21,2,EUR,$84.00
O00005,C0008,P009,2025-01-18,2,INR,525.00
O00006,C0023,P009,2025-08-07,2,USD,525.00
O00007,C0015,P010,2025-05-27,1,EUR,26.25
O00008,C0025,P003,2025-08-09,3,INR,$378.00
O00009,C0009,P003,2025-04-25,3,USD,378.00
O00010,C0004,P002,2025-07-18,1,EUR,78.75
O00011,C0012,P006,2025-05-20,1,INR,42.00
O00012,C0024,P008,09/03/2025,4,USD,$504.00
O00013,C0003,P009,04/06/2025,3,EUR,787.50
O00014,C0019,P004,09/02/2025,1,INR,262.50
O00015,C0022,P004,06/02/2025,1,USD,262.50
O00016,C0028,P004,02/25/2025,4,EUR,"$1,050.00"
O00017,C0009,P008,2025-07-10,2,INR,252.00
O00018,C0012,P006,2025-04-22,3,USD,126.00
O00019,C0023,P002,2025-04-02,2,EUR,157.50
O00020,C0006,P008,2025-07-18,3,INR,$378.00
O00021,C0030,P009,2025-04-27,3,USD,787.50
O00022,C0027,P001,2025-05-02,1,EUR,42.00
O00023,C0026,P006,2025-07-29,3,INR,126.00
O00024,C0003,P004,2025-06-15,2,USD,$525.00
O00025,C0021,P008,2025-07-26,4,EUR,504.00
O00026,C0005,P005,2025-03-17,2,INR,52.50
O00027,C0024,P009,2025-05-19,4,USD,"1,050.00"
O00028,C0029,P010,2025-07-28,3,EUR,$78.75
O00029,C0008,P003,2025-09-22,4,INR,504.00
O00030,C0003,P001,2025-03-02,2,USD,84.00
O00031,C0021,P003,2025-08-09,1,EUR,126.00
O00032,C0013,P007,2025-09-01,3,INR,$236.25
O00033,C0018,P001,2025-03-04,3,USD,126.00
O00034,C0025,P006,2025-03-03,3,EUR,126.00
O00035,C0014,P003,2025-08-25,1,INR,126.00
O00036,C0024,P005,2025-09-18,2,USD,$52.50
O00037,C0017,P002,2025-06-06,2,EUR,157.50
O00038,C0005,P006,2025-03-28,1,INR,42.00
O00039,C0020,P006,2025-09-12,1,USD,42.00
O00040,C0004,P006,2025-06-11,2,EUR,$84.00
O00041,C0002,P004,2025-02-14,1,INR,262.50
O00042,C0024,P008,2025-02-09,2,USD,252.00
O00043,C0005,P008,2025-03-30,3,EUR,378.00
O00044,C0017,P010,2025-08-09,2,INR,$52.50
O00045,C0030,P009,2025-04-17,3,USD,787.50
O00046,C0013,P006,2025-08-17,4,EUR,168.00
O00047,C0004,P004,2025-04-30,1,INR,262.50
O00048,C0011,P001,2025-05-02,2,USD,$84.00
O00049,C0001,P002,2025-02-04,2,EUR,157.50
O00050,C0003,P001,2025-06-23,1,INR,42.00
O00051,C0017,P004,2025-05-27,4,USD,"1,050.00"
O00052,C0007,P009,2025-03-13,4,EUR,"$1,050.00"
O00053,C0008,P008,2025-08-01,2,INR,252.00
O00054,C0004,P002,2025-08-13,3,USD,236.25
O00055,C0014,P007,2025-09-01,1,EUR,78.75
O00056,C0022,P002,2025-02-05,4,INR,$315.00
O00057,C0024,P006,2025-03-01,2,USD,84.00
O00058,C0007,P004,2025-08-22,2,EUR,525.00
O00059,C0014,P003,2025-05-27,4,INR,504.00
O00060,C0008,P002,2025-08-19,1,USD,$78.75
O00061,C0002,P009,2025-01-12,1,EUR,250.00
O00062,C0030,P004,2025-03-31,4,INR,"1,000.00"
O00063,C0016,P008,2025-04-24,4,USD,480.00
O00064,C0029,P001,2025-03-30,4,EUR,$160.00
O00065,C0001,P007,2025-05-20,4,INR,300.00
O00066,C0010,P007,2025-09-11,2,USD,150.00
O00067,C0007,P005,2025-04-26,1,EUR,25.00
O00068,C0019,P009,2025-02-05,3,INR,$750.00
O00069,C0002,P001,2025-09-06,2,USD,80.00
O00070,C0002,P009,2025-02-15,2,EUR,500.00
O00071,C0003,P010,2025-02-08,2,INR,50.00
O00072,C0013,P002,2025-05-11,1,USD,$75.00
O00073,C0020,P002,2025-08-07,3,EUR,225.00
O00074,C0030,P005,2025-04-19,3,INR,75.00
O00075,C0008,P005,2025-07-26,2,USD,50.00
O00076,C0022,P005,2025-08-27,3,EUR,$75.00
O00077,C9999,P002,2025-01-09,4,INR,300.00
O00078,C0020,P010,2025-02-25,1,USD,25.00
O00079,C0018,P004,2025-09-21,3,EUR,750.00
O00080,C0005,P006,2025-02-09,2,INR,$80.00
O00081,C0012,P005,2025-03-26,4,USD,100.00
O00082,C0027,P009,2025-06-08,1,EUR,250.00
O00083,C0022,P009,2025-06-07,1,INR,250.00
O00084,C0029,P003,2025-05-20,1,USD,$120.00
O00085,C0029,P002,2025-03-25,3,EUR,225.00
O00086,C0010,P010,2025-04-22,3,INR,75.00
O00087,C0007,P005,2025-09-20,4,USD,100.00
O00088,C0009,P001,2025-02-21,4,EUR,$160.00
O00089,C0027,P9999,2025-01-27,1,INR,25.00
O00090,C0011,P003,2025-05-19,2,USD,240.00
O00091,C0024,P008,2025-08-11,1,EUR,120.00
O00092,C0004,P002,2025-03-22,1,INR,$75.00
O00093,C0027,P006,2025-03-21,4,USD,160.00
O00094,C0005,P001,2025-06-11,3,EUR,120.00
O00095,C0029,P001,2025-07-07,2,INR,80.00
O00096,C0022,P004,2025-02-26,3,USD,$750.00
O00097,C0025,P009,2025-08-01,2,EUR,500.00
O00098,C0030,P004,2025-03-29,2,INR,500.00
O00099,C0029,P007,2025-01-17,2,USD,150.00
O00100,C0024,P006,2025-08-03,,EUR,$80.00
O00101,C0009,P003,2025-03-01,4,INR,480.00
O00102,C0028,P001,2025-09-02,2,USD,80.00
O00103,C0007,P008,2025-07-03,3,EUR,360.00
O00104,C0027,P004,2025-04-29,1,INR,$250.00
O00105,C0022,P004,2025-07-28,3,USD,750.00
O00106,C0009,P002,2025-05-27,3,EUR,225.00
O00107,C0021,P009,2025-07-28,3,INR,750.00
O00108,C0001,P002,2025-05-18,2,USD,$150.00
O00109,C0019,P005,2025-01-24,1,EUR,25.00
O00110,C0020,P007,2025-06-30,3,INR,225.00
O00111,C0014,P010,2025-09-23,1,USD,25.00
O00112,C0013,P010,2025-04-12,3,EUR,$75.00
O00113,C0002,P007,2025-01-05,2,INR,150.00
O00114,C0012,P007,2025-02-09,3,USD,225.00
O00115,C0020,P006,2025-03-09,3,EUR,120.00
O00116,C0017,P005,2025-08-02,3,INR,$75.00
O00117,C0013,P005,2025-03-11,2,USD,50.00
O00118,C0014,P007,2025-04-04,3,EUR,225.00
O00119,C0013,P009,2025-01-05,3,INR,750.00
O00120,C0010,P004,2025-08-13,3,USD,$750.00
O00021,C0030,P009,2025-04-27,3,USD,787.50
